RowId,Result
1,None
2,None
3,None
4,None
5,None
6,None
7,None
8,None
9,None
10,None
11,None
12,None
13,None
14,None
15,None
16,None
17,None
18,None
19,None
20,None
21,None
22,None
23,None
24,Very High
25,Very High
26,Very High
27,Very High
28,Very High
29,Very High
30,Very High
31,Very High
32,None
33,None
34,None
35,None
36,None
37,Very High
38,High
39,High
40,High
41,High
42,High
43,High
44,High
45,High
46,High
47,High
48,High
49,Very High
50,Very High
51,None
52,None
53,None
54,None
55,None
56,None
57,None
58,None
59,Very High
60,High
61,Very High
62,Very High
63,Low
64,Low
65,Low
66,Low
67,None
68,Very High
69,Very High
70,High
71,High
72,High
73,High
74,High
75,Very High
76,Very High
77,High
78,High
79,Very High
80,Very High
81,None
82,Very High
83,High
84,Medium
85,High
86,High
87,Medium
88,High
89,High
90,High
91,High
92,High
93,High
94,High
95,High
96,High
97,High
98,High
99,High
100,High
101,High
102,High
103,High
104,High
105,High
106,High
107,Medium
108,Medium
109,Medium
110,Medium
111,High
112,Medium
113,Medium
114,High
115,High
116,High
117,High
118,High
119,High
120,High
121,High
122,High
123,High
124,High
125,Very High
126,Very High
127,Very High
128,Very High
129,Very High
130,None
131,None
132,None
133,None
134,None
135,None
136,None
137,None
138,None
139,None
140,Very High
141,Very High
142,None
143,None
144,None
145,None
146,None
147,None
148,None
149,None
150,None
151,None
152,None
153,None
154,None
155,None
156,None
157,None
158,None
159,None
160,None
161,None
162,None
163,None
164,None
165,None
166,None
167,None
168,None
169,None
170,None
171,None
172,None
173,None
174,None
175,None
176,None
177,None
178,None
179,None
180,None
181,None
182,None
183,None
184,None
185,None
186,None
187,None
188,None
189,None
190,None
191,None
192,None
193,None
194,None
195,Very High
196,Very High
197,Very High
198,None
199,None
200,Very High
201,Very High
202,Very High
203,Very High
204,Very High
205,Very High
206,Very High
207,Low
208,Low
209,Low
210,Very High
211,Very High
212,Very High
213,Very High
214,None
215,None
216,None
217,None
218,None
219,None
220,None
221,None
222,None
223,None
224,None
225,None
226,None
227,None
228,None
229,None
230,None
231,None
232,None
233,None
234,Very High
235,Very High
236,Very High
237,None
238,None
239,None
240,None
241,None
242,None
243,None
244,None
245,None
246,None
247,Very High
248,High
249,Very High
250,High
251,Very High
252,High
253,High
254,High
255,Very High
256,High
257,High
258,High
259,High
260,High
261,None
262,None
263,None
264,None
265,None
266,None
267,None
268,None
269,None
270,None
271,None
272,None
273,None
274,None
275,None
276,None
277,None
278,None
279,None
280,None
281,None
282,None
283,None
284,None
285,None
286,None
287,None
288,None
289,None
290,None
291,None
292,None
293,None
294,None
295,None
296,None
297,None
298,None
299,None
300,None
301,None
302,None
303,None
304,None
305,None
306,None
307,None
308,None
309,None
310,None
311,None
312,None
313,None
314,None
315,None
316,None
317,None
318,None
319,None
320,None
321,None
322,None
323,None
324,None
325,None
326,None
327,None
328,None
329,None
330,None
331,None
332,None
333,None
334,None
335,None
336,None
337,None
338,None
339,None
340,None
341,None
342,None
343,High
344,High
345,Very High
346,High
347,Very High
348,High
349,Very High
350,Very High
351,Very High
352,Very High
353,Very High
354,None
355,None
356,None
357,None
358,None
359,None
360,None
361,None
362,None
363,None
364,None
365,None
366,None
367,None
368,None
369,None
370,None
371,None
372,None
373,None
374,None
375,None
376,None
377,None
378,None
379,None
380,None
381,None
382,None
383,None
384,None
385,None
386,Very High
387,None
388,Very High
389,Very High
390,Very High
391,Very High
392,Very High
393,Very High
394,None
395,None
396,Very High
397,Very High
398,Very High
399,Very High
400,Very High
401,Very High
402,None
403,Very High
404,Very High
405,Very High
406,Very High
407,None
408,None
409,None
410,None
411,None
412,Very High
413,Very High
414,Very High
415,Very High
416,None
417,Very High
418,Very High
419,Very High
420,None
421,None
422,None
423,None
424,Very High
425,Very High
426,Very High
427,High
428,High
429,High
430,High
431,High
432,High
433,High
434,Very High
435,Very High
436,Very High
437,None
438,None
439,None
440,None
441,None
442,None
443,None
444,None
445,None
446,None
447,None
448,None
449,None
450,None
451,None
452,None
453,None
454,None
455,None
456,None
457,None
458,None
459,None
460,None
461,None
462,None
463,None
464,None
465,None
466,None
467,None
468,None
469,None
470,None
471,None
472,None
473,None
474,None
475,None
476,None
477,None
478,None
479,None
480,None
481,None
482,None
483,None
484,None
485,None
486,None
487,None
488,Very High
489,Very High
490,Very High
491,Very High
492,Very High
493,Very High
494,Very High
495,Very High
496,Very High
497,Very High
498,Very High
499,Very High
500,High
501,High
502,High
503,High
504,High
505,High
506,High
507,High
508,High
509,High
510,High
511,High
512,High
513,Very High
514,Low
515,Low
516,Low
517,Medium
518,Medium
519,Medium
520,Medium
521,Low
522,Low
523,High
524,High
525,High
526,High
527,High
528,High
529,High
530,High
531,High
532,High
533,High
534,High
535,High
536,High
537,High
538,High
539,High
540,Medium
541,Medium
542,Medium
543,Medium
544,Medium
545,Medium
546,Medium
547,Medium
548,High
549,High
550,High
551,High
552,High
553,High
554,High
555,High
556,High
557,High
558,High
559,High
560,High
561,High
562,High
563,High
564,Medium
565,Medium
566,Medium
567,Medium
568,Medium
569,Medium
570,Medium
571,High
572,High
573,High
574,High
575,High
576,High
577,High
578,High
579,High
580,High
581,High
582,High
583,High
584,High
585,High
586,High
587,High
588,High
589,Medium
590,Medium
591,Medium
592,Medium
593,Medium
594,Medium
595,High
596,High
597,High
598,High
599,High
600,High
601,High
602,High
603,High
604,High
605,None
606,None
607,None
608,None
609,None
610,Very High
611,High
612,Very High
613,Very High
614,Very High
615,None
616,Very High
617,High
618,High
619,High
620,High
621,High
622,High
623,High
624,High
625,High
626,High
627,High
628,High
629,High
630,High
631,High
632,High
633,High
634,High
635,High
636,High
637,Medium
638,Medium
639,Medium
640,Medium
641,Medium
642,Medium
643,High
644,High
645,High
646,High
647,High
648,High
649,High
650,High
651,High
652,High
653,High
654,High
655,High
656,High
657,High
658,High
659,High
660,High
661,Medium
662,Medium
663,Medium
664,Medium
665,Medium
666,Medium
667,High
668,High
669,High
670,High
671,High
672,High
673,High
674,High
675,High
676,High
677,High
678,High
679,High
680,High
681,High
682,High
683,High
684,High
685,Medium
686,Medium
687,Medium
688,Very High
689,Very High
690,Medium
691,Medium
692,Medium
693,High
694,High
695,High
696,High
697,High
698,High
699,High
700,High
701,High
702,High
703,High
704,High
705,High
706,High
707,High
708,High
709,Medium
710,Medium
711,Medium
712,Medium
713,Medium
714,Medium
715,Medium
716,High
717,High
718,High
719,High
720,High
721,High
722,High
723,High
724,High
725,High
726,High
727,High
728,High
729,High
730,High
731,Medium
732,Medium
733,Medium
734,Medium
735,Medium
736,Medium
737,Medium
738,Medium
739,High
740,High
741,High
742,High
743,High
744,High
745,High
746,High
747,High
748,High
749,High
750,High
751,High
752,High
753,High
754,High
755,High
756,Medium
757,Medium
758,Medium
759,Medium
760,Medium
761,Medium
762,Medium
763,High
764,High
765,High
766,High
767,High
768,High
769,High
770,High
771,High
772,High
773,High
774,High
775,High
776,High
777,High
778,High
779,Medium
780,Medium
781,Medium
782,Medium
783,Medium
784,Medium
785,Medium
786,Medium
787,Medium
788,High
789,High
790,High
791,High
792,High
793,High
794,High
795,High
796,High
797,High
798,High
799,High
800,High
801,High
802,High
803,High
804,Medium
805,Medium
806,Medium
807,Medium
808,Medium
809,Medium
810,Medium
811,Medium
812,High
813,High
814,High
815,High
816,High
817,High
818,High
819,High
820,High
821,High
822,High
823,High
824,High
825,High
826,High
827,High
828,Medium
829,Medium
830,Medium
831,Medium
832,Medium
833,Medium
834,Medium
835,Medium
836,High
837,High
838,High
839,High
840,High
841,High
842,High
843,High
844,High
845,High
846,High
847,High
848,High
849,High
850,High
851,Medium
852,Medium
853,Medium
854,Medium
855,Medium
856,Medium
857,Medium
858,Medium
859,Medium
860,Medium
861,Medium
862,Medium
863,High
864,High
865,High
866,High
867,High
868,High
869,High
870,High
871,High
872,High
873,High
874,High
875,High
876,Medium
877,Medium
878,Medium
879,Medium
880,Medium
881,Medium
882,Medium
883,Medium
884,Medium
885,Medium
886,Medium
887,Medium
888,Medium
889,Medium
890,Medium
891,Medium
892,High
893,High
894,High
895,High
896,High
897,High
898,High
899,Medium
900,Medium
901,Medium
902,Medium
903,Medium
904,Medium
905,Medium
906,Medium
907,Medium
908,Medium
909,Medium
910,High
911,Very High
912,Very High
913,Low
914,Very High
915,Very High
916,High
917,High
918,High
919,High
920,High
921,Very High
922,Very High
923,High
924,Medium
925,Medium
926,Medium
927,Medium
928,Medium
929,Medium
930,Medium
931,Medium
932,Medium
933,High
934,High
935,Medium
936,Medium
937,High
938,High
939,High
940,High
941,High
942,High
943,High
944,High
945,High
946,High
947,Medium
948,Medium
949,Medium
950,Medium
951,Medium
952,Medium
953,Medium
954,Medium
955,Medium
956,Medium
957,Medium
958,Medium
959,Medium
960,Medium
961,Medium
962,Medium
963,Medium
964,High
965,High
966,High
967,High
968,High
969,High
970,Medium
971,Medium
972,Medium
973,Medium
974,Medium
975,Medium
976,Medium
977,Medium
978,Medium
979,Medium
980,Medium
981,Medium
982,Medium
983,Medium
984,Medium
985,High
986,High
987,High
988,High
989,High
990,High
991,High
992,High
993,High
994,High
995,Medium
996,Medium
997,Medium
998,Medium
999,Medium
1000,Medium
1001,Medium
1002,Medium
1003,Medium
1004,Medium
1005,Medium
1006,Medium
1007,Medium
1008,Medium
1009,High
1010,High
1011,High
1012,Very High
1013,Very High
1014,Very High
1015,Very High
1016,Very High
1017,Very High
1018,Very High
1019,Very High
1020,Very High
1021,Very High
1022,Medium
1023,Very High
1024,Very High
1025,Very High
1026,Medium
1027,Medium
1028,Medium
1029,Medium
1030,Very High
1031,Very High
1032,Low
1033,Very High
1034,Low
1035,Very High
1036,Low
1037,Very High
1038,Very High
1039,Very High
1040,Very High
1041,Low
1042,Very High
1043,Very High
1044,Low
1045,Low
1046,Low
1047,Low
1048,Low
1049,Low
1050,Low
1051,Low
1052,Low
1053,Low
1054,Low
1055,High
1056,Very High
1057,Very High
1058,Very High
1059,Low
1060,Low
1061,Very High
1062,Low
1063,Very High
1064,High
1065,High
1066,High
1067,Very High
1068,Medium
1069,Medium
1070,Medium
1071,Medium
1072,Medium
1073,Low
1074,Low
1075,Low
1076,Low
1077,Low
1078,Low
1079,Very High
1080,Very High
1081,High
1082,Very High
1083,Very High
1084,Very High
1085,Very High
1086,Low
1087,Low
1088,Very High
1089,Very High
1090,High
1091,Medium
1092,Medium
1093,Medium
1094,Medium
1095,Medium
1096,Medium
1097,Medium
1098,Medium
1099,Medium
1100,Medium
1101,High
1102,High
1103,High
1104,High
1105,High
1106,High
1107,Very High
1108,None
1109,None
1110,None
1111,High
1112,High
1113,High
1114,High
1115,Medium
1116,Medium
1117,Medium
1118,Medium
1119,Medium
1120,Medium
1121,Medium
1122,Medium
1123,Medium
1124,High
1125,High
1126,High
1127,High
1128,High
1129,High
1130,High
1131,High
1132,High
1133,High
1134,High
1135,High
1136,High
1137,High
1138,High
1139,Medium
1140,Medium
1141,Medium
1142,Medium
1143,Medium
1144,Medium
1145,Medium
1146,Medium
1147,Medium
1148,Medium
1149,Medium
1150,Medium
1151,High
1152,Medium
1153,High
1154,High
1155,High
1156,High
1157,High
1158,High
1159,High
1160,High
1161,High
1162,Medium
1163,Medium
1164,Medium
1165,Medium
1166,Medium
1167,Medium
1168,Medium
1169,Very High
1170,Low
1171,Low
1172,Medium
1173,Low
1174,Low
1175,Low
1176,Very High
1177,High
1178,High
1179,High
1180,High
1181,High
1182,High
1183,High
1184,High
1185,Very High
1186,Very High
1187,Very High
1188,Very High
1189,Medium
1190,Very High
1191,Very High
1192,Very High
1193,Medium
1194,Medium
1195,Medium
1196,Medium
1197,High
1198,Very High
1199,High
1200,High
1201,Very High
1202,Very High
1203,Very High
1204,None
1205,None
1206,None
1207,None
1208,Low
1209,Low
1210,Low
1211,Low
1212,Low
1213,Low
1214,Low
1215,Low
1216,Low
1217,Low
1218,Low
1219,Low
1220,Low
1221,Low
1222,Low
1223,None
1224,None
1225,None
1226,None
1227,None
1228,None
1229,None
1230,None
1231,Very High
1232,Very High
1233,Very High
1234,Very High
1235,Very High
1236,Very High
1237,Very High
1238,Very High
1239,Very High
1240,None
1241,Very High
1242,Very High
1243,Very High
1244,Very High
1245,Very High
1246,Very High
1247,Very High
1248,None
1249,None
1250,None
1251,None
1252,None
1253,None
1254,None
1255,None
1256,None
1257,None
1258,None
1259,None
1260,None
1261,None
1262,None
1263,None
1264,None
1265,None
1266,Very High
1267,Very High
1268,Very High
1269,None
1270,None
1271,None
1272,None
1273,None
1274,None
1275,None
1276,None
1277,None
1278,High
1279,High
1280,High
1281,High
1282,High
1283,High
1284,High
1285,High
1286,Medium
1287,Very High
1288,Very High
1289,Very High
1290,Medium
1291,High
1292,High
1293,High
1294,High
1295,High
1296,High
1297,High
1298,High
1299,High
1300,High
1301,High
1302,High
1303,High
1304,High
1305,High
1306,High
1307,High
1308,High
1309,High
1310,Medium
1311,Medium
1312,Medium
1313,Medium
1314,Medium
1315,High
1316,High
1317,High
1318,High
1319,High
1320,High
1321,High
1322,High
1323,High
1324,High
1325,High
1326,None
1327,None
1328,None
1329,None
1330,None
1331,None
1332,None
1333,None
1334,None
1335,None
1336,None
1337,None
1338,None
1339,None
1340,None
1341,None
1342,None
1343,None
1344,None
1345,None
1346,None
1347,None
1348,None
1349,None
1350,None
1351,None
1352,None
1353,None
1354,None
1355,Low
1356,High
1357,High
1358,Medium
1359,Medium
1360,Medium
1361,Medium
1362,Medium
1363,High
1364,High
1365,High
1366,High
1367,High
1368,High
1369,High
1370,High
1371,High
1372,High
1373,High
1374,High
1375,High
1376,High
1377,Medium
1378,High
1379,Medium
1380,Medium
1381,Medium
1382,Medium
1383,Medium
1384,Medium
1385,Medium
1386,Medium
1387,High
1388,High
1389,Very High
1390,Very High
1391,Very High
1392,High
1393,High
1394,High
1395,Very High
1396,Very High
1397,Very High
1398,Very High
1399,Very High
1400,Very High
1401,Very High
1402,Very High
1403,Very High
1404,Medium
1405,Medium
1406,Medium
1407,Medium
1408,Medium
1409,Medium
1410,Medium
1411,Medium
1412,Medium
1413,Medium
1414,Medium
1415,Medium
1416,Medium
1417,Medium
1418,Medium
1419,High
1420,High
1421,High
1422,High
1423,High
1424,High
1425,Medium
1426,High
1427,Medium
1428,Medium
1429,Medium
1430,Medium
1431,Medium
1432,Medium
1433,Medium
1434,Medium
1435,High
1436,Medium
1437,High
1438,High
1439,High
1440,High
1441,High
1442,High
1443,High
1444,High
1445,High
1446,High
1447,High
1448,High
1449,High
1450,High
1451,Medium
1452,Medium
1453,Medium
1454,Medium
1455,Medium
1456,Medium
1457,Medium
1458,Medium
1459,Very High
1460,Very High
1461,Very High
1462,Very High
1463,Very High
1464,None
1465,None
1466,None
1467,Very High
1468,Very High
1469,Very High
1470,None
1471,None
1472,Low
1473,Low
1474,Low
1475,Low
1476,Low
1477,Low
1478,Low
1479,Low
1480,Low
1481,Low
1482,Very High
1483,Very High
1484,Very High
1485,Very High
1486,Very High
1487,Very High
1488,High
1489,High
1490,High
1491,High
1492,High
1493,High
1494,High
1495,High
1496,High
1497,Medium
1498,Medium
1499,Medium
1500,Medium
1501,Medium
1502,Medium
1503,Medium
1504,Medium
1505,Medium
1506,Low
1507,Very High
1508,Very High
1509,Low
1510,Low
1511,Low
1512,Low
1513,Low
1514,Low
1515,Low
1516,Low
1517,None
1518,None
1519,None
1520,None
1521,None
1522,None
1523,None
1524,None
1525,None
1526,None
1527,None
1528,None
1529,None
1530,None
1531,None
1532,None
1533,None
1534,None
1535,None
1536,None
1537,None
1538,None
1539,None
1540,None
1541,None
1542,None
1543,None
1544,None
1545,None
1546,None
1547,None
1548,None
1549,None
1550,None
1551,None
1552,None
1553,None
1554,None
1555,None
1556,None
1557,None
1558,None
1559,None
1560,None
1561,None
1562,None
1563,None
1564,None
1565,None
1566,Very High
1567,Very High
1568,Very High
1569,None
1570,None
1571,None
1572,None
1573,None
1574,None
1575,None
1576,None
1577,None
1578,None
1579,None
1580,None
1581,None
1582,None
1583,None
1584,None
1585,None
1586,None
1587,None
1588,None
1589,None
1590,None
1591,None
1592,None
1593,None
1594,None
1595,None
1596,None
1597,None
1598,None
1599,None
1600,None
1601,None
1602,None
1603,None
1604,None
1605,None
1606,None
1607,None
1608,None
1609,None
1610,None
1611,None
1612,None
1613,None
1614,None
1615,None
1616,None
1617,None
1618,None
1619,None
1620,Very High
1621,Very High
1622,Very High
1623,High
1624,High
1625,High
1626,None
1627,None
1628,None
1629,None
1630,None
1631,None
1632,None
1633,None
1634,None
1635,None
1636,None
1637,None
1638,None
1639,None
1640,None
1641,None
1642,None
1643,None
1644,None
1645,None
1646,None
1647,None
1648,None
1649,None
1650,None
1651,None
1652,None
1653,None
1654,None
1655,None
1656,None
1657,None
1658,None
1659,None
1660,None
1661,None
1662,None
1663,None
1664,None
1665,None
1666,None
1667,None
1668,None
1669,None
1670,None
1671,None
1672,None
1673,None
1674,None
1675,None
1676,None
1677,None
1678,None
1679,None
1680,None
1681,None
1682,None
1683,None
1684,None
1685,None
1686,None
1687,None
1688,None
1689,None
1690,None
1691,None
1692,Very High
1693,Very High
1694,Very High
1695,Low
1696,Low
1697,Low
1698,Low
1699,Low
1700,None
1701,None
1702,None
1703,None
1704,High
1705,High
1706,High
1707,High
1708,High
1709,High
1710,None
1711,None
1712,None
1713,None
1714,None
1715,None
1716,High
1717,High
1718,High
1719,High
1720,High
1721,High
1722,High
1723,High
1724,High
1725,High
1726,High
1727,High
1728,High
1729,High
1730,High
1731,Very High
1732,Very High
1733,Very High
1734,None
1735,None
1736,None
1737,None
1738,None
1739,None
1740,None
1741,Low
1742,Low
1743,Low
1744,Low
1745,Low
1746,Low
1747,Low
1748,Low
1749,None
1750,None
1751,None
1752,High
1753,High
1754,High
1755,High
1756,High
1757,High
1758,High
1759,High
1760,High
1761,High
1762,High
1763,High
1764,High
1765,Medium
1766,Very High
1767,Very High
1768,Very High
1769,Medium
1770,Very High
1771,Low
1772,Very High
1773,Very High
1774,High
1775,High
1776,Very High
1777,None
1778,None
1779,Very High
1780,Very High
1781,Very High
1782,Very High
1783,High
1784,High
1785,Very High
1786,High
1787,Very High
1788,Very High
1789,Very High
1790,Low
1791,Very High
1792,High
1793,Very High
1794,Very High
1795,Very High
1796,Very High
1797,Very High
1798,Very High
1799,Low
1800,Low
1801,Low
1802,Very High
1803,High
1804,High
1805,High
1806,High
1807,High
1808,High
1809,High
1810,High
1811,High
1812,High
1813,Medium
1814,Very High
1815,Low
1816,Low
1817,Low
1818,Low
1819,Very High
1820,Very High
1821,Medium
1822,Medium
1823,Medium
1824,Medium
1825,High
1826,Medium
1827,Medium
1828,Medium
1829,Medium
1830,High
1831,High
1832,High
1833,High
1834,Medium
1835,Medium
1836,Medium
1837,Medium
1838,Medium
1839,Medium
1840,Medium
1841,Medium
1842,Medium
1843,Medium
1844,Medium
1845,High
1846,Very High
1847,High
1848,High
1849,High
1850,High
1851,High
1852,High
1853,High
1854,Very High
1855,Very High
1856,Very High
1857,High
1858,High
1859,Medium
1860,Medium
1861,Medium
1862,Low
1863,Low
1864,Low
1865,Low
1866,Low
1867,Very High
1868,Very High
1869,Low
1870,Low
1871,Low
1872,Low
1873,Very High
1874,Low
1875,Low
1876,Low
1877,Low
1878,Low
1879,Low
1880,Low
1881,Low
1882,Low
1883,Low
1884,Low
1885,Low
1886,Low
1887,Low
1888,Low
1889,Low
1890,Low
1891,Low
1892,Low
1893,Low
1894,Low
1895,Low
1896,Low
1897,Low
1898,Low
1899,None
1900,None
1901,None
1902,None
1903,None
1904,Low
1905,Low
1906,Low
1907,Low
1908,Low
1909,Low
1910,Very High
1911,Low
1912,Low
1913,Very High
1914,Very High
1915,Very High
1916,Very High
1917,Very High
1918,Very High
1919,Very High
1920,Low
1921,None
1922,None
1923,None
1924,None
1925,None
1926,None
1927,None
1928,None
1929,Very High
1930,Very High
1931,Very High
1932,Low
1933,Low
1934,None
1935,None
1936,None
1937,None
1938,None
1939,None
1940,None
1941,None
1942,None
1943,None
1944,None
1945,None
1946,None
1947,None
1948,None
1949,None
1950,None
1951,None
1952,None
1953,None
1954,None
1955,None
1956,None
1957,Low
1958,Low
1959,Low
1960,Low
1961,Low
1962,Very High
1963,Very High
1964,Very High
1965,Very High
1966,Very High
1967,Low
1968,Very High
1969,High
1970,High
1971,High
1972,High
1973,High
1974,High
1975,High
1976,High
1977,High
1978,Medium
1979,Low
1980,Very High
1981,Low
1982,Low
1983,Low
1984,Low
1985,Low
1986,Low
1987,Low
1988,Low
1989,Low
1990,Very High
1991,Low
1992,Low
1993,Low
1994,Low
1995,Low
1996,Low
1997,Low
1998,Low
1999,None
2000,Low
2001,Very High
2002,Low
2003,Low
2004,Low
2005,Low
2006,Low
2007,Low
2008,Low
2009,Low
2010,Low
2011,Low
2012,Very High
2013,Very High
2014,High
2015,Low
2016,None
2017,None
2018,Low
2019,Very High
2020,Very High
2021,None
2022,None
2023,None
2024,None
2025,None
2026,Low
2027,Low
2028,Low
2029,Low
2030,Low
2031,Very High
2032,Very High
2033,Very High
2034,Very High
2035,Low
2036,Low
2037,Low
2038,Low
2039,Low
2040,None
2041,None
2042,None
2043,Very High
2044,Very High
2045,None
2046,Very High
2047,Very High
2048,Very High
2049,High
2050,High
2051,Medium
2052,Very High
2053,Low
2054,Low
2055,Low
2056,Low
2057,Low
2058,Low
2059,Low
2060,Low
2061,Very High
2062,High
2063,Low
2064,None
2065,None
2066,None
2067,None
2068,None
2069,Low
2070,Low
2071,Low
2072,Low
2073,Low
2074,Low
2075,Low
2076,Low
2077,Low
2078,Low
2079,Low
2080,Low
2081,Low
2082,Very High
2083,Very High
2084,Medium
2085,Very High
2086,Very High
2087,Very High
2088,Low
2089,None
2090,Very High
2091,Very High
2092,Very High
2093,Very High
2094,None
2095,Very High
2096,Very High
2097,Very High
2098,Low
2099,Very High
2100,Medium
2101,Medium
2102,Medium
2103,Medium
2104,Medium
2105,Very High
2106,Very High
2107,Very High
2108,Very High
2109,Very High
2110,Very High
2111,High
2112,High
2113,High
2114,High
2115,High
2116,High
2117,High
2118,High
2119,High
2120,High
2121,High
2122,Very High
2123,Very High
2124,Very High
2125,Very High
2126,Low
2127,Low
2128,Very High
2129,Very High
2130,Very High
2131,Very High
2132,Very High
2133,None
2134,None
2135,High
2136,Very High
2137,None
2138,None
2139,Very High
2140,Very High
2141,None
2142,None
2143,None
2144,Very High
2145,Very High
2146,Very High
2147,None
2148,None
2149,None
2150,None
2151,Low
2152,Very High
2153,Very High
2154,Very High
2155,Very High
2156,Very High
2157,High
2158,High
2159,High
2160,High
2161,High
2162,High
2163,Very High
2164,Very High
2165,High
2166,High
2167,High
2168,High
2169,Low
2170,Very High
2171,Medium
2172,Medium
2173,Medium
2174,Medium
2175,Medium
2176,Medium
2177,Medium
2178,Medium
2179,Medium
2180,Medium
2181,Medium
2182,Medium
2183,Medium
2184,High
2185,High
2186,High
2187,High
2188,High
2189,High
2190,High
2191,High
2192,High
2193,Medium
2194,Medium
2195,Medium
2196,Medium
2197,Medium
2198,Medium
2199,Medium
2200,Medium
2201,Medium
2202,Medium
2203,Medium
2204,Medium
2205,Medium
2206,Medium
2207,Medium
2208,Medium
2209,High
2210,High
2211,High
2212,High
2213,High
2214,High
2215,High
2216,High
2217,Medium
2218,Medium
2219,Medium
2220,Medium
2221,Medium
2222,Medium
2223,Medium
2224,Medium
2225,Low
2226,Low
2227,Low
2228,Low
2229,High
2230,High
2231,High
2232,High
2233,Medium
2234,High
2235,Medium
2236,High
2237,High
2238,High
2239,Medium
2240,High
2241,High
2242,Medium
2243,Medium
2244,Medium
2245,Medium
2246,Medium
2247,Medium
2248,Medium
2249,Medium
2250,Low
2251,Low
2252,Low
2253,Low
2254,Low
2255,Very High
2256,Medium
